feature,importance
APP_ANNUITY_TO_CREDIT_RATIO,566
EXT_SOURCE_1,499
EXT_SOURCE_2,486
EXT_SOURCE_3,461
AMT_ANNUITY,290
DAYS_BIRTH,275
DAYS_ID_PUBLISH,271
APP_GOODS_PRICE_TO_CREDIT_RATIO,233
APP_EMPLOYED_YEARS,208
BUREAU_BUREAU_DEBT_TO_CREDIT_RATIO_max,204
APP_ANNUITY_TO_INCOME_RATIO,199
APP_CREDIT_TO_INCOME_RATIO,189
AMT_GOODS_PRICE,189
DAYS_REGISTRATION,187
BUREAU_DAYS_CREDIT_ENDDATE_max,187
APP_AGE_YEARS,184
AMT_CREDIT,181
INSTALL_AMT_INSTALMENT_min,169
DAYS_LAST_PHONE_CHANGE,167
REGION_POPULATION_RELATIVE,163
INSTALL_AMT_PAYMENT_sum,163
INSTALL_AMT_PAYMENT_min,163
APP_EMPLOYED_TO_AGE_RATIO,158
BUREAU_DAYS_CREDIT_max,154
POS_CNT_INSTALMENT_FUTURE_std,143
BUREAU_AMT_CREDIT_SUM_mean,143
POS_CNT_INSTALMENT_FUTURE_mean,136
BUREAU_BUREAU_DEBT_TO_CREDIT_RATIO_std,135
PREV_HOUR_APPR_PROCESS_START_std,134
INSTALL_INSTALL_LATE_PAYMENT_FLAG_std,132
PREV_CNT_PAYMENT_mean,131
BUREAU_DAYS_ENDDATE_FACT_max,131
PREV_AMT_ANNUITY_min,128
INSTALL_INSTALL_LATE_PAYMENT_FLAG_mean,126
BUREAU_AMT_CREDIT_SUM_min,122
PREV_CNT_PAYMENT_std,121
BUREAU_DAYS_CREDIT_sum,121
INSTALL_INSTALL_PAYMENT_DELAY_DAYS_mean,112
PREV_HOUR_APPR_PROCESS_START_mean,112
PREV_PREV_APPLICATION_TO_CREDIT_RATIO_mean,111
PREV_NAME_CONTRACT_STATUS_Refused_ratio,109
PREV_DAYS_DECISION_max,109
INSTALL_NUM_INSTALMENT_VERSION_sum,109
BUREAU_DAYS_CREDIT_UPDATE_max,107
BUREAU_BUREAU_DEBT_TO_CREDIT_RATIO_mean,106
INSTALL_INSTALL_PAYMENT_DELAY_DAYS_std,106
BUREAU_AMT_CREDIT_SUM_sum,106
BUREAU_AMT_CREDIT_SUM_std,106
PREV_PREV_APPLICATION_TO_CREDIT_RATIO_std,105
PREV_AMT_ANNUITY_mean,104
INSTALL_AMT_PAYMENT_mean,104
INSTALL_NUM_INSTALMENT_VERSION_mean,104
INSTALL_INSTALL_PAYMENT_DELAY_DAYS_min,102
PREV_DAYS_FIRST_DUE_std,102
INSTALL_INSTALL_PAYMENT_DELAY_DAYS_max,102
INSTALL_INSTALL_PAYMENT_DELAY_DAYS_sum,102
PREV_PREV_APPLICATION_TO_CREDIT_RATIO_min,102
BUREAU_DAYS_CREDIT_ENDDATE_std,101
BUREAU_DAYS_CREDIT_ENDDATE_sum,99
PREV_DAYS_LAST_DUE_1ST_VERSION_max,97
PREV_PREV_ANNUITY_TO_CREDIT_RATIO_std,96
BUREAU_DAYS_CREDIT_UPDATE_mean,96
BUREAU_BUREAU_DEBT_TO_CREDIT_RATIO_sum,94
INSTALL_INSTALL_PAYMENT_DIFFERENCE_mean,94
BUREAU_AMT_CREDIT_SUM_max,94
PREV_DAYS_FIRST_DUE_max,93
PREV_DAYS_DECISION_std,93
CODE_GENDER_F,91
INSTALL_DAYS_INSTALMENT_std,90
BUREAU_DAYS_ENDDATE_FACT_std,90
BUREAU_DAYS_CREDIT_ENDDATE_mean,90
PREV_AMT_DOWN_PAYMENT_sum,89
INSTALL_DAYS_ENTRY_PAYMENT_max,88
INSTALL_NUM_INSTALMENT_VERSION_std,87
PREV_PREV_ANNUITY_TO_CREDIT_RATIO_max,87
BUREAU_DAYS_CREDIT_mean,87
BUREAU_DAYS_CREDIT_min,87
NAME_FAMILY_STATUS_Married,87
DAYS_EMPLOYED,86
POS_MONTHS_BALANCE_std,86
APP_INCOME_PER_FAMILY_MEMBER,84
PREV_AMT_GOODS_PRICE_min,84
REGION_RATING_CLIENT_W_CITY,82
POS_NAME_CONTRACT_STATUS_Active_ratio,80
BUREAU_AMT_CREDIT_MAX_OVERDUE_mean,79
PREV_PRODUCT_COMBINATION_Cash_X_Sell_low_ratio,79
POS_CNT_INSTALMENT_std,78
BUREAU_DAYS_ENDDATE_FACT_mean,78
PREV_NAME_YIELD_GROUP_low_action_ratio,78
BUREAU_AMT_CREDIT_SUM_DEBT_std,78
PREV_DAYS_LAST_DUE_sum,78
POS_MONTHS_BALANCE_mean,76
POS_MONTHS_BALANCE_max,76
PREV_NAME_YIELD_GROUP_high_ratio,76
PREV_PREV_ANNUITY_TO_CREDIT_RATIO_min,76
PREV_DAYS_LAST_DUE_1ST_VERSION_sum,74
PREV_PREV_ANNUITY_TO_CREDIT_RATIO_sum,74
PREV_DAYS_DECISION_mean,73
NAME_EDUCATION_TYPE_Higher_education,73
FLAG_OWN_CAR_N,71
BUREAU_DAYS_CREDIT_UPDATE_std,71
INSTALL_AMT_INSTALMENT_max,71
BUREAU_CREDIT_TYPE_Mortgage_ratio,71
PREV_AMT_ANNUITY_std,71
BUREAU_DAYS_ENDDATE_FACT_min,70
PREV_RATE_DOWN_PAYMENT_std,69
INSTALL_AMT_INSTALMENT_sum,69
PREV_PREV_ANNUITY_TO_CREDIT_RATIO_mean,68
PREV_SELLERPLACE_AREA_mean,68
PREV_AMT_ANNUITY_max,68
PREV_SELLERPLACE_AREA_max,67
AMT_INCOME_TOTAL,66
BUREAU_DAYS_CREDIT_UPDATE_sum,66
PREV_AMT_DOWN_PAYMENT_mean,66
PREV_SELLERPLACE_AREA_std,66
PREV_DAYS_LAST_DUE_1ST_VERSION_std,63
APARTMENTS_MODE,63
POS_MONTHS_BALANCE_sum,63
INSTALL_DAYS_INSTALMENT_min,63
TOTALAREA_MODE,63
PREV_DAYS_TERMINATION_sum,62
BUREAU_AMT_CREDIT_MAX_OVERDUE_max,62
INSTALL_AMT_INSTALMENT_mean,62
BUREAU_AMT_CREDIT_SUM_DEBT_mean,62
PREV_DAYS_DECISION_sum,61
BUREAU_AMT_CREDIT_MAX_OVERDUE_sum,61
PREV_NAME_PRODUCT_TYPE_x_sell_ratio,61
PREV_DAYS_LAST_DUE_std,61
PREV_AMT_APPLICATION_mean,61
BUREAU_DAYS_CREDIT_ENDDATE_min,60
INSTALL_NUM_INSTALMENT_NUMBER_std,60
INSTALL_NUM_INSTALMENT_NUMBER_mean,60
BUREAU_AMT_CREDIT_SUM_DEBT_sum,59
PREV_SELLERPLACE_AREA_min,59
INSTALL_DAYS_ENTRY_PAYMENT_sum,59
PREV_AMT_DOWN_PAYMENT_max,58
YEARS_BEGINEXPLUATATION_MODE,58
INSTALL_DAYS_ENTRY_PAYMENT_min,58
BUREAU_DAYS_CREDIT_std,57
INSTALL_DAYS_INSTALMENT_max,57
INSTALL_INSTALL_PAYMENT_DIFFERENCE_max,57
INSTALL_INSTALL_PAYMENT_DIFFERENCE_sum,57
PREV_SELLERPLACE_AREA_sum,57
PREV_RATE_DOWN_PAYMENT_mean,57
INSTALL_INSTALL_PAYMENT_TO_INSTALMENT_RATIO_mean,57
PREV_DAYS_LAST_DUE_mean,57
PREV_NAME_YIELD_GROUP_low_normal_ratio,56
POS_NAME_CONTRACT_STATUS_Completed_ratio,56
INSTALL_AMT_INSTALMENT_std,56
BUREAU_DAYS_ENDDATE_FACT_sum,55
PREV_DAYS_TERMINATION_std,54
PREV_WEEKDAY_APPR_PROCESS_START_TUESDAY_ratio,54
POS_RECORD_COUNT,54
PREV_PREV_APPLICATION_TO_CREDIT_RATIO_max,54
PREV_PREV_APPLICATION_TO_CREDIT_RATIO_sum,54
PREV_NAME_TYPE_SUITE_Unaccompanied_ratio,54
BUREAU_AMT_CREDIT_SUM_DEBT_max,53
APARTMENTS_AVG,53
PREV_DAYS_FIRST_DUE_sum,53
HOUR_APPR_PROCESS_START,53
INSTALL_AMT_PAYMENT_max,52
INSTALL_NUM_INSTALMENT_NUMBER_max,52
PREV_NAME_CONTRACT_STATUS_Approved_ratio,52
BUREAU_CREDIT_TYPE_Microloan_ratio,52
INSTALL_DAYS_ENTRY_PAYMENT_std,52
BUREAU_DAYS_CREDIT_UPDATE_min,51
PREV_CODE_REJECT_REASON_XAP_ratio,51
INSTALL_INSTALL_PAYMENT_TO_INSTALMENT_RATIO_sum,51
PREV_AMT_DOWN_PAYMENT_std,51
PREV_RATE_DOWN_PAYMENT_sum,50
CODE_GENDER_M,50
PREV_WEEKDAY_APPR_PROCESS_START_SATURDAY_ratio,50
PREV_DAYS_FIRST_DUE_mean,50
PREV_AMT_CREDIT_mean,49
PREV_PRODUCT_COMBINATION_POS_industry_with_interest_ratio,49
PREV_AMT_CREDIT_max,48
PREV_RATE_DOWN_PAYMENT_max,48
INSTALL_NUM_INSTALMENT_NUMBER_sum,48
INSTALL_DAYS_INSTALMENT_mean,48
INSTALL_AMT_PAYMENT_std,48
POS_CNT_INSTALMENT_sum,48
PREV_RATE_DOWN_PAYMENT_min,48
INSTALL_DAYS_ENTRY_PAYMENT_mean,48
PREV_AMT_GOODS_PRICE_mean,47
PREV_AMT_CREDIT_min,47
BUREAU_CREDIT_TYPE_Consumer_credit_ratio,47
PREV_DAYS_DECISION_min,46
BUREAU_CREDIT_TYPE_Credit_card_ratio,46
DEF_60_CNT_SOCIAL_CIRCLE,46
PREV_NAME_TYPE_SUITE_nan_ratio,46
PREV_AMT_CREDIT_std,46
YEARS_BEGINEXPLUATATION_MEDI,46
PREV_WEEKDAY_APPR_PROCESS_START_MONDAY_ratio,45
PREV_AMT_GOODS_PRICE_std,45
PREV_PRODUCT_COMBINATION_Cash_Street_low_ratio,45
AMT_REQ_CREDIT_BUREAU_QRT,45
PREV_CNT_PAYMENT_sum,45
PREV_HOUR_APPR_PROCESS_START_max,45
PREV_CHANNEL_TYPE_Credit_and_cash_offices_ratio,44
NONLIVINGAREA_AVG,44
LANDAREA_AVG,43
INSTALL_RECORD_COUNT,43
PREV_DAYS_LAST_DUE_1ST_VERSION_min,43
BUREAU_CREDIT_TYPE_Car_loan_ratio,43
PREV_WEEKDAY_APPR_PROCESS_START_THURSDAY_ratio,43
POS_SK_DPD_DEF_std,42
NAME_CONTRACT_TYPE_Cash_loans,42
PREV_WEEKDAY_APPR_PROCESS_START_WEDNESDAY_ratio,41
PREV_NAME_GOODS_CATEGORY_Furniture_ratio,41
BUREAU_AMT_CREDIT_SUM_DEBT_min,41
PREV_HOUR_APPR_PROCESS_START_sum,41
BUREAU_CREDIT_ACTIVE_Closed_ratio,40
PREV_HOUR_APPR_PROCESS_START_min,40
PREV_AMT_APPLICATION_min,40
POS_SK_DPD_DEF_mean,40
PREV_CHANNEL_TYPE_Stone_ratio,39
PREV_DAYS_FIRST_DRAWING_mean,39
BUREAU_AMT_ANNUITY_sum,39
INSTALL_INSTALL_PAYMENT_TO_INSTALMENT_RATIO_min,38
PREV_DAYS_FIRST_DRAWING_sum,38
PREV_NAME_CONTRACT_STATUS_Canceled_ratio,38
DEF_30_CNT_SOCIAL_CIRCLE,37
YEARS_BEGINEXPLUATATION_AVG,36
PREV_WEEKDAY_APPR_PROCESS_START_SUNDAY_ratio,36
PREV_WEEKDAY_APPR_PROCESS_START_FRIDAY_ratio,36
PREV_AMT_ANNUITY_sum,36
BASEMENTAREA_AVG,36
LIVINGAREA_AVG,35
POS_CNT_INSTALMENT_FUTURE_sum,35
FLAG_WORK_PHONE,35
POS_CNT_INSTALMENT_max,35
PREV_DAYS_FIRST_DUE_min,35
PREV_AMT_APPLICATION_std,35
LIVINGAREA_MODE,35
PREV_NAME_TYPE_SUITE_Family_ratio,35
BUREAU_AMT_CREDIT_SUM_LIMIT_mean,35
INSTALL_DAYS_INSTALMENT_sum,35
BUREAU_RECORD_COUNT,34
FLAG_DOCUMENT_3,34
PREV_CHANNEL_TYPE_Country_wide_ratio,34
ORGANIZATION_TYPE_Other,34
BUREAU_CREDIT_ACTIVE_Active_ratio,34
INSTALL_INSTALL_PAYMENT_DIFFERENCE_std,34
REG_CITY_NOT_LIVE_CITY,33
PREV_NAME_YIELD_GROUP_middle_ratio,33
PREV_NAME_SELLER_INDUSTRY_XNA_ratio,33
PREV_CHANNEL_TYPE_Channel_of_corporate_sales_ratio,33
POS_CNT_INSTALMENT_mean,33
PREV_PRODUCT_COMBINATION_Cash_X_Sell_high_ratio,32
INSTALL_INSTALL_PAYMENT_TO_INSTALMENT_RATIO_std,32
NAME_EDUCATION_TYPE_Secondary_secondary_special,32
PREV_CODE_REJECT_REASON_SCO_ratio,32
PREV_NAME_PAYMENT_TYPE_XNA_ratio,32
BUREAU_AMT_CREDIT_SUM_LIMIT_sum,32
PREV_DAYS_LAST_DUE_1ST_VERSION_mean,31
PREV_NAME_GOODS_CATEGORY_Computers_ratio,31
NONLIVINGAREA_MODE,31
PREV_DAYS_TERMINATION_mean,31
APARTMENTS_MEDI,31
PREV_NAME_CONTRACT_TYPE_Cash_loans_ratio,31
PREV_CODE_REJECT_REASON_HC_ratio,31
PREV_DAYS_LAST_DUE_min,30
BUREAU_BUREAU_DEBT_TO_CREDIT_RATIO_min,30
PREV_NAME_PRODUCT_TYPE_walk_in_ratio,30
PREV_CHANNEL_TYPE_AP_Cash_loan_ratio,29
PREV_NAME_GOODS_CATEGORY_Mobile_ratio,29
POS_NAME_CONTRACT_STATUS_Signed_ratio,29
LANDAREA_MEDI,29
OCCUPATION_TYPE_Core_staff,29
ENTRANCES_AVG,29
PREV_DAYS_LAST_DUE_max,28
PREV_NAME_PORTFOLIO_XNA_ratio,28
OBS_30_CNT_SOCIAL_CIRCLE,28
POS_MONTHS_BALANCE_min,28
POS_CNT_INSTALMENT_FUTURE_max,28
PREV_NAME_GOODS_CATEGORY_Photo_Cinema_Equipment_ratio,28
PREV_AMT_APPLICATION_sum,28
PREV_AMT_GOODS_PRICE_max,28
PREV_NAME_CLIENT_TYPE_New_ratio,28
PREV_PRODUCT_COMBINATION_POS_industry_without_interest_ratio,27
NAME_INCOME_TYPE_Working,27
PREV_AMT_CREDIT_sum,27
PREV_NAME_PORTFOLIO_Cash_ratio,27
INSTALL_INSTALL_PAYMENT_DIFFERENCE_min,26
AMT_REQ_CREDIT_BUREAU_MON,26
ORGANIZATION_TYPE_School,26
LIVINGAREA_MEDI,26
PREV_AMT_APPLICATION_max,26
ORGANIZATION_TYPE_Construction,25
LANDAREA_MODE,25
PREV_NAME_SELLER_INDUSTRY_Furniture_ratio,25
PREV_PRODUCT_COMBINATION_Cash_ratio,25
PREV_PRODUCT_COMBINATION_Cash_X_Sell_middle_ratio,25
PREV_NAME_CASH_LOAN_PURPOSE_XNA_ratio,25
PREV_CHANNEL_TYPE_Regional_Local_ratio,24
PREV_DAYS_TERMINATION_min,24
BUREAU_AMT_CREDIT_SUM_LIMIT_std,24
BASEMENTAREA_MEDI,24
NONLIVINGAREA_MEDI,24
INSTALL_INSTALL_PAYMENT_TO_INSTALMENT_RATIO_max,24
PREV_NAME_CLIENT_TYPE_Refreshed_ratio,23
PREV_NAME_GOODS_CATEGORY_Consumer_Electronics_ratio,23
PREV_NAME_SELLER_INDUSTRY_Consumer_electronics_ratio,23
OCCUPATION_TYPE_Drivers,23
FLOORSMAX_AVG,23
BASEMENTAREA_MODE,23
NAME_INCOME_TYPE_State_servant,23
ORGANIZATION_TYPE_Industry_type_9,23
PREV_AMT_DOWN_PAYMENT_min,23
ORGANIZATION_TYPE_Self_employed,22
POS_SK_DPD_mean,22
PREV_CHANNEL_TYPE_Contact_center_ratio,22
OBS_60_CNT_SOCIAL_CIRCLE,22
PREV_PRODUCT_COMBINATION_POS_household_without_interest_ratio,22
PREV_NAME_TYPE_SUITE_Spouse_partner_ratio,22
PREV_NAME_PORTFOLIO_POS_ratio,21
POS_NAME_CONTRACT_STATUS_Returned_to_the_store_ratio,21
CNT_FAM_MEMBERS,21
PREV_NAME_CONTRACT_TYPE_Revolving_loans_ratio,21
POS_CNT_INSTALMENT_min,20
PREV_DAYS_FIRST_DRAWING_min,20
PREV_NFLAG_INSURED_ON_APPROVAL_mean,20
PREV_NAME_PRODUCT_TYPE_XNA_ratio,20
PREV_NAME_PAYMENT_TYPE_Cash_through_the_bank_ratio,20
PREV_NAME_YIELD_GROUP_XNA_ratio,19
PREV_CNT_PAYMENT_max,19
AMT_REQ_CREDIT_BUREAU_YEAR,18
BUREAU_AMT_CREDIT_SUM_OVERDUE_max,18
PREV_PRODUCT_COMBINATION_POS_household_with_interest_ratio,18
PREV_PRODUCT_COMBINATION_Cash_Street_middle_ratio,18
PREV_NAME_SELLER_INDUSTRY_Connectivity_ratio,18
PREV_DAYS_FIRST_DRAWING_std,17
BUREAU_AMT_CREDIT_SUM_LIMIT_max,17
PREV_PRODUCT_COMBINATION_POS_mobile_without_interest_ratio,17
PREV_NAME_GOODS_CATEGORY_Audio_Video_ratio,16
OCCUPATION_TYPE_Accountants,16
PREV_NAME_CLIENT_TYPE_Repeater_ratio,16
INSTALL_INSTALL_LATE_PAYMENT_FLAG_sum,16
FLAG_PHONE,15
FLAG_DOCUMENT_18,15
WALLSMATERIAL_MODE_Panel,15
POS_CNT_INSTALMENT_FUTURE_min,15
PREV_PRODUCT_COMBINATION_Card_Street_ratio,15
OCCUPATION_TYPE_Sales_staff,15
PREV_NAME_SELLER_INDUSTRY_Construction_ratio,15
ENTRANCES_MODE,14
PREV_NFLAG_INSURED_ON_APPROVAL_std,14
PREV_NAME_GOODS_CATEGORY_Clothing_and_Accessories_ratio,14
PREV_PRODUCT_COMBINATION_POS_mobile_with_interest_ratio,14
INSTALL_NUM_INSTALMENT_VERSION_max,14
BUREAU_CREDIT_ACTIVE_Sold_ratio,13
FLAG_OWN_CAR_Y,13
PREV_PRODUCT_COMBINATION_Card_X_Sell_ratio,13
OCCUPATION_TYPE_Laborers,13
ELEVATORS_MODE,13
PREV_NAME_TYPE_SUITE_Children_ratio,13
POS_SK_DPD_sum,13
PREV_CNT_PAYMENT_min,13
PREV_NAME_GOODS_CATEGORY_XNA_ratio,12
FLAG_DOCUMENT_16,12
FLOORSMAX_MEDI,12
PREV_PRODUCT_COMBINATION_Cash_Street_high_ratio,12
PREV_NAME_CONTRACT_TYPE_Consumer_loans_ratio,12
BUREAU_AMT_CREDIT_SUM_OVERDUE_sum,12
PREV_NAME_CASH_LOAN_PURPOSE_Repairs_ratio,12
BUREAU_AMT_CREDIT_MAX_OVERDUE_min,11
PREV_NAME_GOODS_CATEGORY_Sport_and_Leisure_ratio,11
PREV_DAYS_TERMINATION_max,11
ELEVATORS_AVG,11
NAME_CONTRACT_TYPE_Revolving_loans,11
PREV_NAME_GOODS_CATEGORY_Construction_Materials_ratio,11
NAME_FAMILY_STATUS_Single_not_married,11
PREV_NAME_GOODS_CATEGORY_Direct_Sales_ratio,11
WEEKDAY_APPR_PROCESS_START_MONDAY,11
POS_SK_DPD_DEF_max,11
FLAG_DOCUMENT_13,11
BUREAU_CNT_CREDIT_PROLONG_max,10
REG_CITY_NOT_WORK_CITY,10
NAME_EDUCATION_TYPE_Other,10
PREV_NFLAG_INSURED_ON_APPROVAL_sum,10
ORGANIZATION_TYPE_Government,10
BUREAU_AMT_CREDIT_SUM_OVERDUE_std,10
PREV_NAME_SELLER_INDUSTRY_Clothing_ratio,10
FLAG_DOCUMENT_8,10
ENTRANCES_MEDI,10
ORGANIZATION_TYPE_Kindergarten,10
ORGANIZATION_TYPE_Business_Entity_Type_3,9
POS_SK_DPD_DEF_sum,9
PREV_AMT_GOODS_PRICE_sum,9
PREV_NAME_GOODS_CATEGORY_Medical_Supplies_ratio,9
FLOORSMAX_MODE,9
POS_SK_DPD_min,8
AMT_REQ_CREDIT_BUREAU_DAY,8
PREV_NAME_PORTFOLIO_Cards_ratio,8
PREV_NAME_SELLER_INDUSTRY_Auto_technology_ratio,8
PREV_CODE_REJECT_REASON_LIMIT_ratio,8
WEEKDAY_APPR_PROCESS_START_TUESDAY,8
BUREAU_CNT_CREDIT_PROLONG_std,8
FLAG_DOCUMENT_11,7
POS_SK_DPD_max,7
REGION_RATING_CLIENT,7
CNT_CHILDREN,7
OCCUPATION_TYPE_High_skill_tech_staff,7
OCCUPATION_TYPE_Unknown,7
NAME_INCOME_TYPE_Commercial_associate,7
PREV_NAME_GOODS_CATEGORY_Gardening_ratio,6
PREV_NAME_CASH_LOAN_PURPOSE_Other_ratio,6
PREV_NAME_CONTRACT_STATUS_Unused_offer_ratio,6
PREV_CODE_REJECT_REASON_SCOFR_ratio,6
PREV_NAME_SELLER_INDUSTRY_Industry_ratio,6
BUREAU_CREDIT_DAY_OVERDUE_mean,6
BUREAU_CNT_CREDIT_PROLONG_mean,6
PREV_NFLAG_LAST_APPL_IN_DAY_sum,6
PREV_NAME_GOODS_CATEGORY_Medicine_ratio,6
PREV_APPLICATION_COUNT,5
NAME_EDUCATION_TYPE_Lower_secondary,5
PREV_NAME_GOODS_CATEGORY_Jewelry_ratio,5
NAME_HOUSING_TYPE_Rented_apartment,5
PREV_CODE_REJECT_REASON_VERIF_ratio,5
ELEVATORS_MEDI,5
FLAG_OWN_REALTY_N,5
WALLSMATERIAL_MODE_Stone_brick,5
PREV_NAME_TYPE_SUITE_Other_B_ratio,5
NAME_HOUSING_TYPE_Other,5
WEEKDAY_APPR_PROCESS_START_SATURDAY,5
NAME_TYPE_SUITE_Children,5
NAME_FAMILY_STATUS_Widow,5
EMERGENCYSTATE_MODE_No,5
PREV_NAME_GOODS_CATEGORY_Auto_Accessories_ratio,5
WEEKDAY_APPR_PROCESS_START_WEDNESDAY,5
PREV_NAME_CASH_LOAN_PURPOSE_Urgent_needs_ratio,4
BUREAU_CREDIT_CURRENCY_currency_3_ratio,4
PREV_NAME_CASH_LOAN_PURPOSE_Everyday_expenses_ratio,4
WEEKDAY_APPR_PROCESS_START_FRIDAY,4
LIVE_CITY_NOT_WORK_CITY,4
PREV_RATE_INTEREST_PRIVILEGED_sum,4
PREV_NAME_TYPE_SUITE_Other_A_ratio,4
PREV_PRODUCT_COMBINATION_POS_other_with_interest_ratio,4
REG_REGION_NOT_WORK_REGION,4
POS_SK_DPD_std,3
INSTALL_NUM_INSTALMENT_VERSION_min,3
NAME_TYPE_SUITE_Unaccompanied,3
NAME_FAMILY_STATUS_Civil_marriage,3
NAME_HOUSING_TYPE_House_apartment,3
ORGANIZATION_TYPE_Medicine,3
OCCUPATION_TYPE_Other,3
AMT_REQ_CREDIT_BUREAU_WEEK,3
PREV_NAME_PAYMENT_TYPE_Non_cash_from_your_account_ratio,3
APP_CHILDREN_TO_FAMILY_RATIO,3
BUREAU_CREDIT_DAY_OVERDUE_sum,3
PREV_PRODUCT_COMBINATION_POS_others_without_interest_ratio,2
REG_REGION_NOT_LIVE_REGION,2
PREV_NAME_GOODS_CATEGORY_Tourism_ratio,2
ORGANIZATION_TYPE_Business_Entity_Type_2,2
PREV_NAME_GOODS_CATEGORY_Homewares_ratio,2
NAME_INCOME_TYPE_Pensioner,2
ORGANIZATION_TYPE_Transport_type_4,2
HOUSETYPE_MODE_block_of_flats,2
POS_NAME_CONTRACT_STATUS_Approved_ratio,2
FLAG_OWN_REALTY_Y,2
PREV_NAME_GOODS_CATEGORY_Vehicles_ratio,2
BUREAU_CREDIT_DAY_OVERDUE_std,2
LIVE_REGION_NOT_WORK_REGION,2
WEEKDAY_APPR_PROCESS_START_SUNDAY,2
PREV_CODE_REJECT_REASON_XNA_ratio,2
BUREAU_AMT_CREDIT_SUM_LIMIT_min,2
NAME_HOUSING_TYPE_Municipal_apartment,2
BUREAU_AMT_CREDIT_SUM_OVERDUE_mean,2
BUREAU_CREDIT_TYPE_Another_type_of_loan_ratio,2
PREV_NAME_CASH_LOAN_PURPOSE_Furniture_ratio,2
OCCUPATION_TYPE_Cooking_staff,2
NAME_EDUCATION_TYPE_Incomplete_higher,2
WALLSMATERIAL_MODE_Unknown,1
OCCUPATION_TYPE_Medicine_staff,1
NAME_FAMILY_STATUS_Separated,1
NAME_TYPE_SUITE_Family,1
WEEKDAY_APPR_PROCESS_START_THURSDAY,1
WALLSMATERIAL_MODE_Block,1
HOUSETYPE_MODE_Unknown,1
ORGANIZATION_TYPE_Trade_type_7,1
ORGANIZATION_TYPE_Business_Entity_Type_1,1
EMERGENCYSTATE_MODE_Unknown,1
PREV_NFLAG_LAST_APPL_IN_DAY_std,1
PREV_CHANNEL_TYPE_Car_dealer_ratio,1
PREV_NAME_CASH_LOAN_PURPOSE_Wedding_gift_holiday_ratio,1
PREV_NAME_CASH_LOAN_PURPOSE_XAP_ratio,1
PREV_NAME_CASH_LOAN_PURPOSE_Medicine_ratio,1
BUREAU_CNT_CREDIT_PROLONG_min,1
BUREAU_BUREAU_OVERDUE_TO_CREDIT_RATIO_sum,1
PREV_CODE_REJECT_REASON_CLIENT_ratio,1
BUREAU_CREDIT_DAY_OVERDUE_max,1
BUREAU_CREDIT_CURRENCY_currency_1_ratio,1
PREV_FLAG_LAST_APPL_PER_CONTRACT_N_ratio,1
PREV_NAME_GOODS_CATEGORY_Other_ratio,1
FLAG_DOCUMENT_5,1
PREV_RATE_INTEREST_PRIMARY_sum,1
PREV_NFLAG_INSURED_ON_APPROVAL_max,1
FLAG_EMP_PHONE,1
BUREAU_CREDIT_TYPE_Mobile_operator_loan_ratio,0
NAME_FAMILY_STATUS_Other,0
PREV_NFLAG_LAST_APPL_IN_DAY_max,0
OCCUPATION_TYPE_Security_staff,0
PREV_NFLAG_LAST_APPL_IN_DAY_mean,0
BUREAU_CREDIT_TYPE_nan_ratio,0
BUREAU_CREDIT_TYPE_Unknown_type_of_loan_ratio,0
BUREAU_BUREAU_OVERDUE_TO_CREDIT_RATIO_std,0
BUREAU_CREDIT_ACTIVE_Bad_debt_ratio,0
OCCUPATION_TYPE_Managers,0
BUREAU_CREDIT_ACTIVE_nan_ratio,0
BUREAU_CREDIT_CURRENCY_currency_2_ratio,0
BUREAU_CREDIT_TYPE_Loan_for_working_capital_replenishment_ratio,0
BUREAU_CREDIT_CURRENCY_currency_4_ratio,0
BUREAU_CREDIT_CURRENCY_nan_ratio,0
OCCUPATION_TYPE_Cleaning_staff,0
BUREAU_CREDIT_TYPE_Cash_loan_non_earmarked_ratio,0
NAME_HOUSING_TYPE_With_parents,0
BUREAU_BUREAU_OVERDUE_TO_CREDIT_RATIO_max,0
BUREAU_CREDIT_TYPE_Interbank_credit_ratio,0
BUREAU_CREDIT_TYPE_Loan_for_business_development_ratio,0
BUREAU_CREDIT_TYPE_Loan_for_purchase_of_shares_margin_lending_ratio,0
BUREAU_CREDIT_TYPE_Loan_for_the_purchase_of_equipment_ratio,0
BUREAU_CREDIT_TYPE_Real_estate_loan_ratio,0
BUREAU_BUREAU_OVERDUE_TO_CREDIT_RATIO_min,0
POS_NAME_CONTRACT_STATUS_nan_ratio,0
BUREAU_BUREAU_OVERDUE_TO_CREDIT_RATIO_mean,0
FLAG_DOCUMENT_9,0
EMERGENCYSTATE_MODE_Other,0
FLAG_MOBIL,0
WALLSMATERIAL_MODE_Wooden,0
FLAG_CONT_MOBILE,0
FLAG_EMAIL,0
WALLSMATERIAL_MODE_Other,0
FLAG_DOCUMENT_2,0
FLAG_DOCUMENT_4,0
HOUSETYPE_MODE_Other,0
ORGANIZATION_TYPE_XNA,0
FLAG_DOCUMENT_6,0
FLAG_DOCUMENT_7,0
ORGANIZATION_TYPE_Trade_type_3,0
ORGANIZATION_TYPE_Security,0
BUREAU_AMT_CREDIT_SUM_OVERDUE_min,0
FLAG_DOCUMENT_10,0
FLAG_DOCUMENT_12,0
FLAG_DOCUMENT_14,0
FLAG_DOCUMENT_15,0
FLAG_DOCUMENT_17,0
ORGANIZATION_TYPE_Industry_type_3,0
FLAG_DOCUMENT_19,0
FLAG_DOCUMENT_20,0
FLAG_DOCUMENT_21,0
AMT_REQ_CREDIT_BUREAU_HOUR,0
APP_EMPLOYED_ANOMALY,0
BUREAU_CREDIT_DAY_OVERDUE_min,0
PREV_NFLAG_LAST_APPL_IN_DAY_min,0
BUREAU_CNT_CREDIT_PROLONG_sum,0
PREV_NFLAG_INSURED_ON_APPROVAL_min,0
PREV_DAYS_FIRST_DRAWING_max,0
PREV_NAME_PORTFOLIO_Cars_ratio,0
PREV_CODE_REJECT_REASON_nan_ratio,0
PREV_NAME_TYPE_SUITE_Group_of_people_ratio,0
PREV_NAME_CLIENT_TYPE_XNA_ratio,0
PREV_NAME_CLIENT_TYPE_nan_ratio,0
PREV_NAME_GOODS_CATEGORY_Additional_Service_ratio,0
PREV_NAME_GOODS_CATEGORY_Animals_ratio,0
PREV_NAME_GOODS_CATEGORY_Education_ratio,0
PREV_NAME_GOODS_CATEGORY_Fitness_ratio,0
PREV_NAME_GOODS_CATEGORY_House_Construction_ratio,0
PREV_NAME_GOODS_CATEGORY_Insurance_ratio,0
PREV_NAME_GOODS_CATEGORY_Office_Appliances_ratio,0
PREV_NAME_GOODS_CATEGORY_Weapon_ratio,0
PREV_NAME_GOODS_CATEGORY_nan_ratio,0
PREV_NAME_PORTFOLIO_nan_ratio,0
POS_NAME_CONTRACT_STATUS_XNA_ratio,0
PREV_NAME_PRODUCT_TYPE_nan_ratio,0
PREV_CHANNEL_TYPE_nan_ratio,0
PREV_NAME_SELLER_INDUSTRY_Jewelry_ratio,0
PREV_NAME_SELLER_INDUSTRY_MLM_partners_ratio,0
PREV_NAME_SELLER_INDUSTRY_Tourism_ratio,0
INSTALL_NUM_INSTALMENT_NUMBER_min,0
PREV_NAME_SELLER_INDUSTRY_nan_ratio,0
PREV_NAME_YIELD_GROUP_nan_ratio,0
PREV_PRODUCT_COMBINATION_nan_ratio,0
POS_SK_DPD_DEF_min,0
POS_NAME_CONTRACT_STATUS_Amortized_debt_ratio,0
POS_NAME_CONTRACT_STATUS_Canceled_ratio,0
POS_NAME_CONTRACT_STATUS_Demand_ratio,0
PREV_CODE_REJECT_REASON_SYSTEM_ratio,0
PREV_NAME_PAYMENT_TYPE_nan_ratio,0
PREV_NAME_PAYMENT_TYPE_Cashless_from_the_account_of_the_employer_ratio,0
PREV_NAME_CONTRACT_STATUS_nan_ratio,0
NAME_INCOME_TYPE_Other,0
PREV_NAME_CONTRACT_TYPE_XNA_ratio,0
PREV_NAME_CONTRACT_TYPE_nan_ratio,0
NAME_TYPE_SUITE_Spouse_partner,0
NAME_TYPE_SUITE_Other,0
PREV_WEEKDAY_APPR_PROCESS_START_nan_ratio,0
PREV_FLAG_LAST_APPL_PER_CONTRACT_Y_ratio,0
PREV_FLAG_LAST_APPL_PER_CONTRACT_nan_ratio,0
PREV_NAME_CASH_LOAN_PURPOSE_Building_a_house_or_an_annex_ratio,0
PREV_NAME_CASH_LOAN_PURPOSE_Business_development_ratio,0
CODE_GENDER_Other,0
PREV_NAME_CASH_LOAN_PURPOSE_Buying_a_garage_ratio,0
PREV_NAME_CASH_LOAN_PURPOSE_Buying_a_holiday_home_land_ratio,0
PREV_NAME_CASH_LOAN_PURPOSE_Buying_a_home_ratio,0
PREV_NAME_CASH_LOAN_PURPOSE_Buying_a_used_car_ratio,0
PREV_NAME_CASH_LOAN_PURPOSE_Car_repairs_ratio,0
PREV_NAME_CASH_LOAN_PURPOSE_Education_ratio,0
INSTALL_INSTALL_LATE_PAYMENT_FLAG_min,0
INSTALL_INSTALL_LATE_PAYMENT_FLAG_max,0
PREV_NAME_CASH_LOAN_PURPOSE_Gasification_water_supply_ratio,0
PREV_NAME_CASH_LOAN_PURPOSE_Hobby_ratio,0
PREV_NAME_CASH_LOAN_PURPOSE_Journey_ratio,0
PREV_NAME_CASH_LOAN_PURPOSE_Money_for_a_third_person_ratio,0
PREV_NAME_CASH_LOAN_PURPOSE_Payments_on_other_loans_ratio,0
PREV_NAME_CASH_LOAN_PURPOSE_Purchase_of_electronic_equipment_ratio,0
PREV_NAME_CASH_LOAN_PURPOSE_Refusal_to_name_the_goal_ratio,0
PREV_NAME_CASH_LOAN_PURPOSE_nan_ratio,0
PREV_NAME_CASH_LOAN_PURPOSE_Buying_a_new_car_ratio,0
