feature,mean_absolute_shap_value
EXT_SOURCE_2,0.32312399688370536
EXT_SOURCE_3,0.2592575385088615
EXT_SOURCE_1,0.14644173386576456
APP_GOODS_PRICE_TO_CREDIT_RATIO,0.0999416364633483
AMT_ANNUITY,0.0946816849714623
BUREAU_BUREAU_DEBT_TO_CREDIT_RATIO_max,0.08968620032195114
APP_ANNUITY_TO_CREDIT_RATIO,0.08743115503148668
APP_EMPLOYED_YEARS,0.08402887542997631
NAME_FAMILY_STATUS_Married,0.06591175250354896
CODE_GENDER_F,0.06333838267112794
CODE_GENDER_M,0.061165734084054305
NAME_EDUCATION_TYPE_Higher_education,0.060843087284771766
FLAG_OWN_CAR_N,0.0523656087273269
INSTALL_AMT_PAYMENT_sum,0.05099264221006932
INSTALL_INSTALL_LATE_PAYMENT_FLAG_mean,0.05061036113693288
INSTALL_INSTALL_LATE_PAYMENT_FLAG_std,0.0495390500972014
DAYS_BIRTH,0.04718563928806818
BUREAU_BUREAU_DEBT_TO_CREDIT_RATIO_std,0.04532291074095106
PREV_NAME_CONTRACT_STATUS_Refused_ratio,0.04101022720976484
APP_ANNUITY_TO_INCOME_RATIO,0.04065049582253745
DAYS_ID_PUBLISH,0.0406054551003008
INSTALL_AMT_INSTALMENT_min,0.039895179578716966
BUREAU_DAYS_CREDIT_ENDDATE_max,0.039561917077434415
BUREAU_DAYS_ENDDATE_FACT_max,0.03952124533881234
AMT_GOODS_PRICE,0.037453704993428566
POS_CNT_INSTALMENT_FUTURE_std,0.03569291496528973
PREV_DAYS_LAST_DUE_1ST_VERSION_max,0.031230551553844344
PREV_NAME_YIELD_GROUP_low_action_ratio,0.030916954790759666
PREV_CNT_PAYMENT_mean,0.0300475124100343
PREV_PREV_APPLICATION_TO_CREDIT_RATIO_min,0.02994269614832897
BUREAU_BUREAU_DEBT_TO_CREDIT_RATIO_mean,0.02906622956734854
AMT_CREDIT,0.028699937304454245
POS_CNT_INSTALMENT_FUTURE_mean,0.028695090886866257
PREV_CNT_PAYMENT_std,0.027848692407939604
REGION_RATING_CLIENT_W_CITY,0.026733522688237834
REGION_POPULATION_RELATIVE,0.02625802911074795
PREV_NAME_YIELD_GROUP_high_ratio,0.024896233895610752
PREV_PRODUCT_COMBINATION_Cash_X_Sell_low_ratio,0.024650268126014497
INSTALL_INSTALL_PAYMENT_DIFFERENCE_mean,0.024306109399012624
INSTALL_AMT_PAYMENT_mean,0.023843575591245135
INSTALL_INSTALL_PAYMENT_DELAY_DAYS_max,0.023526882997255163
ORGANIZATION_TYPE_Other,0.02328242356726292
INSTALL_NUM_INSTALMENT_VERSION_sum,0.022140337615830053
POS_MONTHS_BALANCE_max,0.021863425865003335
APP_EMPLOYED_TO_AGE_RATIO,0.021771624370846142
FLAG_DOCUMENT_3,0.021445554928202968
PREV_PREV_APPLICATION_TO_CREDIT_RATIO_mean,0.02122583057215751
BUREAU_AMT_CREDIT_SUM_min,0.020459716355037797
APP_AGE_YEARS,0.020408145245991754
INSTALL_DAYS_INSTALMENT_std,0.019464751452683046
AMT_REQ_CREDIT_BUREAU_QRT,0.018995376360881167
INSTALL_AMT_PAYMENT_min,0.01879735928571474
NAME_EDUCATION_TYPE_Secondary_secondary_special,0.01825584850975526
NAME_INCOME_TYPE_Working,0.018021972877445336
DAYS_LAST_PHONE_CHANGE,0.017995985677554442
NAME_CONTRACT_TYPE_Cash_loans,0.01772763062376669
DEF_60_CNT_SOCIAL_CIRCLE,0.017275019185112782
PREV_DAYS_FIRST_DRAWING_mean,0.01681025072284382
PREV_AMT_DOWN_PAYMENT_sum,0.01612001361750768
BUREAU_AMT_CREDIT_MAX_OVERDUE_mean,0.016050682117015706
BUREAU_CREDIT_TYPE_Mortgage_ratio,0.01600962247463464
PREV_PRODUCT_COMBINATION_Cash_Street_low_ratio,0.015996604381314988
PREV_DAYS_FIRST_DUE_std,0.015860880627731486
POS_MONTHS_BALANCE_mean,0.0154549704874843
BUREAU_DAYS_CREDIT_sum,0.015369214310305235
PREV_AMT_DOWN_PAYMENT_max,0.015211640696269601
REG_CITY_NOT_LIVE_CITY,0.014949849915854404
FLAG_WORK_PHONE,0.014472226242338513
PREV_AMT_ANNUITY_mean,0.014379478159760118
POS_MONTHS_BALANCE_std,0.013767855143289393
APP_CREDIT_TO_INCOME_RATIO,0.013644766785970302
POS_NAME_CONTRACT_STATUS_Active_ratio,0.012723301972930343
PREV_AMT_ANNUITY_min,0.012645373954930903
OCCUPATION_TYPE_Core_staff,0.012452887390880178
INSTALL_INSTALL_PAYMENT_TO_INSTALMENT_RATIO_sum,0.012398586117110805
DAYS_EMPLOYED,0.012001136872522392
PREV_NAME_YIELD_GROUP_low_normal_ratio,0.011955546235021116
INSTALL_DAYS_ENTRY_PAYMENT_max,0.011946712892157492
PREV_CODE_REJECT_REASON_XAP_ratio,0.011721726003605342
INSTALL_NUM_INSTALMENT_VERSION_mean,0.011682514628488811
PREV_PREV_APPLICATION_TO_CREDIT_RATIO_std,0.011657172320377423
BUREAU_DAYS_CREDIT_max,0.011625189576398314
PREV_CNT_PAYMENT_max,0.011210495344441998
ORGANIZATION_TYPE_Self_employed,0.01102169264426377
PREV_PRODUCT_COMBINATION_POS_industry_with_interest_ratio,0.011006072707503232
BUREAU_AMT_CREDIT_MAX_OVERDUE_max,0.010703076508535336
DAYS_REGISTRATION,0.010253358267934777
DEF_30_CNT_SOCIAL_CIRCLE,0.010094503544609223
BUREAU_DAYS_CREDIT_min,0.01003925143992843
PREV_DAYS_DECISION_max,0.009844899873290252
NAME_INCOME_TYPE_State_servant,0.009706337325556667
INSTALL_DAYS_ENTRY_PAYMENT_min,0.009685678514036481
PREV_NAME_CONTRACT_STATUS_Approved_ratio,0.009679075770106129
INSTALL_AMT_INSTALMENT_sum,0.009667075977922697
INSTALL_INSTALL_PAYMENT_DIFFERENCE_sum,0.009586243283113558
OCCUPATION_TYPE_Accountants,0.00956878060922098
BUREAU_AMT_CREDIT_SUM_std,0.009550845979676478
ORGANIZATION_TYPE_School,0.009462250245868588
FLAG_OWN_CAR_Y,0.009401184150728532
BUREAU_AMT_CREDIT_MAX_OVERDUE_sum,0.009330146850873883
YEARS_BEGINEXPLUATATION_MODE,0.009262125076115601
PREV_HOUR_APPR_PROCESS_START_std,0.00921468170003756
BUREAU_CREDIT_TYPE_Car_loan_ratio,0.009140963147804347
PREV_AMT_DOWN_PAYMENT_mean,0.008941778641673314
PREV_RATE_DOWN_PAYMENT_min,0.008908514763785772
POS_CNT_INSTALMENT_std,0.00888371849238671
BUREAU_AMT_CREDIT_SUM_mean,0.008801813158973751
PREV_DAYS_LAST_DUE_mean,0.008758265860820347
BUREAU_DAYS_CREDIT_ENDDATE_std,0.00874363378076989
INSTALL_DAYS_INSTALMENT_min,0.00868368204761005
BUREAU_AMT_CREDIT_SUM_max,0.008637364949840496
POS_RECORD_COUNT,0.008523552580901421
INSTALL_INSTALL_PAYMENT_DELAY_DAYS_sum,0.008492102524166304
BUREAU_AMT_CREDIT_SUM_DEBT_std,0.008402730750159458
PREV_DAYS_LAST_DUE_max,0.008049829923161528
PREV_PREV_ANNUITY_TO_CREDIT_RATIO_mean,0.008027438643987599
POS_CNT_INSTALMENT_max,0.007925565736703806
INSTALL_DAYS_ENTRY_PAYMENT_sum,0.007892458327367805
BUREAU_BUREAU_DEBT_TO_CREDIT_RATIO_sum,0.007844237485881608
INSTALL_NUM_INSTALMENT_VERSION_std,0.0077197860875848475
INSTALL_AMT_INSTALMENT_max,0.007576189508784211
ORGANIZATION_TYPE_Industry_type_9,0.0073314188718827285
APARTMENTS_AVG,0.007294673379101824
WALLSMATERIAL_MODE_Panel,0.007130280714936944
BUREAU_DAYS_CREDIT_mean,0.0071117458005896484
BUREAU_AMT_CREDIT_SUM_sum,0.00705997948834351
PREV_NAME_GOODS_CATEGORY_Furniture_ratio,0.006893802165876325
BUREAU_AMT_CREDIT_SUM_DEBT_mean,0.006806273594823992
APP_INCOME_PER_FAMILY_MEMBER,0.006730656826647319
PREV_CNT_PAYMENT_sum,0.006691434785450154
INSTALL_DAYS_INSTALMENT_mean,0.006687985445983071
INSTALL_DAYS_INSTALMENT_max,0.006666442721314169
ORGANIZATION_TYPE_Business_Entity_Type_3,0.006643269114580956
INSTALL_DAYS_INSTALMENT_sum,0.006566601887246806
INSTALL_DAYS_ENTRY_PAYMENT_std,0.006500673661546716
PREV_HOUR_APPR_PROCESS_START_mean,0.006450997551587098
PREV_DAYS_LAST_DUE_1ST_VERSION_std,0.006374576985249216
BUREAU_CREDIT_TYPE_Microloan_ratio,0.006372240040319377
POS_SK_DPD_DEF_std,0.006144422619390352
PREV_CHANNEL_TYPE_Credit_and_cash_offices_ratio,0.006072545426702721
INSTALL_INSTALL_PAYMENT_DELAY_DAYS_mean,0.005991455650489282
PREV_NAME_TYPE_SUITE_Unaccompanied_ratio,0.005973950306972705
PREV_DAYS_DECISION_mean,0.005970262506154844
BUREAU_AMT_CREDIT_SUM_LIMIT_mean,0.005954807446314407
PREV_PREV_APPLICATION_TO_CREDIT_RATIO_max,0.00574145840672295
BUREAU_DAYS_CREDIT_ENDDATE_mean,0.005710477595974395
PREV_DAYS_LAST_DUE_sum,0.0055650349616988915
PREV_CHANNEL_TYPE_Channel_of_corporate_sales_ratio,0.0055513009138704154
PREV_DAYS_FIRST_DUE_max,0.0054918943096383815
BUREAU_DAYS_CREDIT_UPDATE_max,0.005441720087705819
BUREAU_AMT_CREDIT_SUM_DEBT_max,0.005346899494650941
BUREAU_DAYS_CREDIT_ENDDATE_sum,0.00533566915920823
WEEKDAY_APPR_PROCESS_START_MONDAY,0.005260673499852324
POS_MONTHS_BALANCE_sum,0.005252274530112914
POS_CNT_INSTALMENT_FUTURE_max,0.005200846530766255
PREV_PRODUCT_COMBINATION_POS_industry_without_interest_ratio,0.005179547697890368
INSTALL_AMT_INSTALMENT_std,0.005125351997779676
PREV_PREV_ANNUITY_TO_CREDIT_RATIO_sum,0.005107247677003562
PREV_RATE_DOWN_PAYMENT_std,0.005102766853592297
INSTALL_INSTALL_PAYMENT_TO_INSTALMENT_RATIO_mean,0.004931988893578716
INSTALL_DAYS_ENTRY_PAYMENT_mean,0.004897885059222498
INSTALL_INSTALL_PAYMENT_DELAY_DAYS_min,0.0048790987197151565
INSTALL_INSTALL_PAYMENT_DIFFERENCE_max,0.00485220566700637
INSTALL_NUM_INSTALMENT_NUMBER_sum,0.004800468841454987
PREV_NAME_TYPE_SUITE_nan_ratio,0.0047844721211966375
PREV_AMT_APPLICATION_mean,0.004769039738135447
INSTALL_NUM_INSTALMENT_NUMBER_mean,0.00475806521989646
PREV_DAYS_TERMINATION_mean,0.004689986307706702
OCCUPATION_TYPE_Drivers,0.004678494142252549
PREV_AMT_ANNUITY_max,0.00466545897788421
PREV_NAME_PRODUCT_TYPE_walk_in_ratio,0.00465829494477276
PREV_AMT_GOODS_PRICE_min,0.004614669923602407
PREV_HOUR_APPR_PROCESS_START_max,0.0045934976418291525
BUREAU_DAYS_ENDDATE_FACT_std,0.004555784997611086
PREV_PRODUCT_COMBINATION_Cash_X_Sell_high_ratio,0.00452897459367786
INSTALL_NUM_INSTALMENT_NUMBER_max,0.0044997011194350236
PREV_RATE_DOWN_PAYMENT_sum,0.004453144255449734
PREV_HOUR_APPR_PROCESS_START_min,0.004404927136980584
OCCUPATION_TYPE_Sales_staff,0.004397092371629853
INSTALL_NUM_INSTALMENT_NUMBER_std,0.004394220575902293
PREV_PREV_ANNUITY_TO_CREDIT_RATIO_min,0.0043890897424483655
POS_SK_DPD_DEF_mean,0.004344373995316886
PREV_DAYS_LAST_DUE_1ST_VERSION_sum,0.004214269515875677
INSTALL_INSTALL_PAYMENT_DIFFERENCE_min,0.004185250664773918
BUREAU_DAYS_CREDIT_UPDATE_mean,0.004107265353955818
PREV_SELLERPLACE_AREA_max,0.004050720007628943
HOUR_APPR_PROCESS_START,0.004005836973764527
BUREAU_DAYS_ENDDATE_FACT_sum,0.003969729674401559
PREV_DAYS_FIRST_DUE_sum,0.003938637287851054
YEARS_BEGINEXPLUATATION_MEDI,0.003872517334865313
FLOORSMAX_MEDI,0.0038602419036921206
TOTALAREA_MODE,0.003788596769512553
PREV_AMT_CREDIT_std,0.0037381275687675235
INSTALL_INSTALL_PAYMENT_DELAY_DAYS_std,0.0037354667160360037
PREV_SELLERPLACE_AREA_std,0.003719133339667436
PREV_DAYS_TERMINATION_sum,0.003698504276862495
PREV_SELLERPLACE_AREA_min,0.003623474595460503
PREV_DAYS_DECISION_sum,0.003564893508054058
INSTALL_AMT_PAYMENT_max,0.0035477849123601636
PREV_PREV_ANNUITY_TO_CREDIT_RATIO_max,0.003544145204899153
BUREAU_CREDIT_TYPE_Consumer_credit_ratio,0.00353253563291006
NAME_CONTRACT_TYPE_Revolving_loans,0.0035025759875938695
PREV_NAME_CLIENT_TYPE_New_ratio,0.003497808969728086
APARTMENTS_MODE,0.0034962216854388
INSTALL_AMT_PAYMENT_std,0.003477097831479958
PREV_WEEKDAY_APPR_PROCESS_START_SATURDAY_ratio,0.003437155512565944
PREV_RATE_DOWN_PAYMENT_mean,0.003418263828966423
PREV_NAME_CONTRACT_TYPE_Cash_loans_ratio,0.0033245630117428177
PREV_PREV_ANNUITY_TO_CREDIT_RATIO_std,0.003310451001368036
PREV_DAYS_DECISION_std,0.0032984271378835024
PREV_CHANNEL_TYPE_AP_Cash_loan_ratio,0.0032587526492722746
PREV_DAYS_FIRST_DRAWING_sum,0.0032385881788029353
PREV_PRODUCT_COMBINATION_Cash_X_Sell_middle_ratio,0.0032268258558940653
PREV_AMT_ANNUITY_sum,0.0031745858066720947
BUREAU_AMT_CREDIT_SUM_DEBT_sum,0.003159685245535814
PREV_CODE_REJECT_REASON_SCO_ratio,0.0031595110662076156
PREV_SELLERPLACE_AREA_sum,0.003110186035645363
PREV_NAME_CONTRACT_STATUS_Canceled_ratio,0.00307015899005731
AMT_INCOME_TOTAL,0.00306850876566078
PREV_NAME_GOODS_CATEGORY_Photo_Cinema_Equipment_ratio,0.003026510875914445
OCCUPATION_TYPE_Laborers,0.002996028874032868
PREV_DAYS_FIRST_DUE_min,0.002972700633001112
PREV_CODE_REJECT_REASON_HC_ratio,0.002967546050164489
PREV_SELLERPLACE_AREA_mean,0.002948108402600374
BUREAU_CREDIT_TYPE_Credit_card_ratio,0.002938207103899776
PREV_NAME_PORTFOLIO_XNA_ratio,0.0028751751445850347
PREV_NAME_PRODUCT_TYPE_x_sell_ratio,0.0028354507576449656
BUREAU_DAYS_ENDDATE_FACT_mean,0.0028262716489045685
PREV_AMT_CREDIT_mean,0.0028253018631657595
BUREAU_DAYS_CREDIT_std,0.0028235372653974506
BUREAU_AMT_CREDIT_SUM_LIMIT_sum,0.0027928568109065743
PREV_AMT_ANNUITY_std,0.0027889337262072284
PREV_DAYS_LAST_DUE_1ST_VERSION_min,0.002780631363923035
BUREAU_DAYS_CREDIT_ENDDATE_min,0.0027417636965477144
FLAG_DOCUMENT_8,0.0027142906928327424
BUREAU_DAYS_CREDIT_UPDATE_sum,0.00268609072269773
PREV_DAYS_LAST_DUE_1ST_VERSION_mean,0.002681265023579296
PREV_WEEKDAY_APPR_PROCESS_START_MONDAY_ratio,0.00266902654561271
PREV_WEEKDAY_APPR_PROCESS_START_WEDNESDAY_ratio,0.0026062734999845534
PREV_RATE_DOWN_PAYMENT_max,0.0026051286714378298
POS_NAME_CONTRACT_STATUS_Completed_ratio,0.0025990361963819228
BUREAU_AMT_CREDIT_SUM_LIMIT_std,0.0025956845500264792
PREV_WEEKDAY_APPR_PROCESS_START_TUESDAY_ratio,0.002593715513420351
PREV_AMT_CREDIT_max,0.002569358402533774
PREV_DAYS_DECISION_min,0.0025540921091813397
PREV_AMT_GOODS_PRICE_max,0.0025346657570035043
ORGANIZATION_TYPE_Government,0.0025256507225345885
PREV_NAME_SELLER_INDUSTRY_Furniture_ratio,0.0024758566316005984
POS_MONTHS_BALANCE_min,0.0024748693289079627
INSTALL_AMT_INSTALMENT_mean,0.002455647701955433
BASEMENTAREA_AVG,0.00245247420252247
LIVINGAREA_AVG,0.0024381668922699804
PREV_CHANNEL_TYPE_Stone_ratio,0.0024098876770102143
LIVINGAREA_MEDI,0.002371644002953059
ORGANIZATION_TYPE_Construction,0.0023529243904254985
POS_CNT_INSTALMENT_sum,0.0023412119316298936
BUREAU_CREDIT_ACTIVE_Active_ratio,0.002329690084766096
PREV_AMT_APPLICATION_max,0.002245711745859821
YEARS_BEGINEXPLUATATION_AVG,0.0022334642098816625
INSTALL_INSTALL_PAYMENT_DIFFERENCE_std,0.002220661143745271
BUREAU_DAYS_CREDIT_UPDATE_std,0.0022100744881861215
PREV_AMT_GOODS_PRICE_mean,0.0021975945070111433
PREV_NAME_GOODS_CATEGORY_Mobile_ratio,0.002177141236577675
BUREAU_DAYS_ENDDATE_FACT_min,0.002170425306428522
PREV_DAYS_FIRST_DUE_mean,0.00214781066297212
PREV_WEEKDAY_APPR_PROCESS_START_SUNDAY_ratio,0.002136385523254764
INSTALL_NUM_INSTALMENT_VERSION_max,0.002106665690805273
PREV_AMT_CREDIT_min,0.002067666573585975
PREV_AMT_GOODS_PRICE_std,0.002065257065536528
BUREAU_AMT_ANNUITY_sum,0.0020417609208732393
PREV_AMT_CREDIT_sum,0.002038074558908616
PREV_NAME_PAYMENT_TYPE_XNA_ratio,0.002002997870436717
INSTALL_INSTALL_PAYMENT_TO_INSTALMENT_RATIO_std,0.002000698440225368
LANDAREA_MEDI,0.0019874612759294406
PREV_DAYS_FIRST_DRAWING_std,0.001979589674049196
BUREAU_BUREAU_DEBT_TO_CREDIT_RATIO_min,0.0019723146852202444
BUREAU_CREDIT_ACTIVE_Closed_ratio,0.0019670374855683616
PREV_NAME_GOODS_CATEGORY_Computers_ratio,0.0019517771726794315
PREV_PRODUCT_COMBINATION_Cash_ratio,0.0019456879567751712
BUREAU_AMT_CREDIT_SUM_DEBT_min,0.0019441139271743236
PREV_NAME_SELLER_INDUSTRY_XNA_ratio,0.0019238326100608212
PREV_NAME_SELLER_INDUSTRY_Connectivity_ratio,0.0019196049361273418
PREV_DAYS_LAST_DUE_std,0.001914587563014031
PREV_NAME_SELLER_INDUSTRY_Construction_ratio,0.001884398977692373
POS_SK_DPD_DEF_max,0.0018812671167398758
PREV_PREV_APPLICATION_TO_CREDIT_RATIO_sum,0.001860003319917292
PREV_AMT_APPLICATION_min,0.001826873022112709
PREV_NAME_PORTFOLIO_Cash_ratio,0.0018209036694440677
PREV_CHANNEL_TYPE_Country_wide_ratio,0.001820638713580061
PREV_WEEKDAY_APPR_PROCESS_START_FRIDAY_ratio,0.0018173972431118279
ENTRANCES_AVG,0.0018113466303334726
POS_CNT_INSTALMENT_FUTURE_sum,0.0017992131208535845
PREV_AMT_APPLICATION_std,0.0017851318280909727
BUREAU_DAYS_CREDIT_UPDATE_min,0.001774295531515419
FLAG_DOCUMENT_13,0.0017638613367953293
AMT_REQ_CREDIT_BUREAU_MON,0.0017592811487518595
ORGANIZATION_TYPE_Kindergarten,0.0017452454735921478
OBS_30_CNT_SOCIAL_CIRCLE,0.0017274433767482445
FLAG_PHONE,0.0017252044625277391
PREV_HOUR_APPR_PROCESS_START_sum,0.0017008326159306617
PREV_AMT_DOWN_PAYMENT_std,0.0016903888506953847
PREV_NAME_GOODS_CATEGORY_Sport_and_Leisure_ratio,0.0016551043829712707
FLAG_DOCUMENT_18,0.0016155912746267352
ELEVATORS_AVG,0.0016022975665209373
PREV_CHANNEL_TYPE_Contact_center_ratio,0.0015884256659566514
NONLIVINGAREA_AVG,0.0015617224795426547
FLOORSMAX_AVG,0.0015487734483306539
LANDAREA_AVG,0.0015251755224596432
NONLIVINGAREA_MEDI,0.0014984514207055444
PREV_NAME_TYPE_SUITE_Family_ratio,0.001494812789849259
FLOORSMAX_MODE,0.0014941024169793946
PREV_NAME_PRODUCT_TYPE_XNA_ratio,0.0014913622793186238
PREV_DAYS_TERMINATION_std,0.0014658184447912796
INSTALL_INSTALL_PAYMENT_TO_INSTALMENT_RATIO_max,0.0014616707332798812
PREV_DAYS_FIRST_DRAWING_min,0.0014450730393642602
OBS_60_CNT_SOCIAL_CIRCLE,0.0014409816793925835
BUREAU_RECORD_COUNT,0.0014315284871457823
POS_CNT_INSTALMENT_mean,0.0014294119317925073
INSTALL_RECORD_COUNT,0.001423951383652827
NONLIVINGAREA_MODE,0.00140842318873754
INSTALL_INSTALL_PAYMENT_TO_INSTALMENT_RATIO_min,0.0014078782404304227
LIVINGAREA_MODE,0.0013997795059158288
PREV_NAME_YIELD_GROUP_middle_ratio,0.0013849230742505772
PREV_WEEKDAY_APPR_PROCESS_START_THURSDAY_ratio,0.001376000847265889
PREV_DAYS_LAST_DUE_min,0.0013729738086972068
PREV_NAME_GOODS_CATEGORY_Clothing_and_Accessories_ratio,0.0013691572796443448
OCCUPATION_TYPE_Unknown,0.0013594377259787639
BUREAU_AMT_CREDIT_SUM_LIMIT_max,0.0013364713471495338
PREV_NAME_GOODS_CATEGORY_XNA_ratio,0.0013346830404006452
PREV_AMT_DOWN_PAYMENT_min,0.0013297933405645736
PREV_DAYS_TERMINATION_min,0.0013262502227726232
PREV_AMT_APPLICATION_sum,0.001324635666487765
AMT_REQ_CREDIT_BUREAU_YEAR,0.00129352704606411
ENTRANCES_MEDI,0.0012911817303424033
CNT_FAM_MEMBERS,0.0012696784637266146
APARTMENTS_MEDI,0.0012687137321046483
REGION_RATING_CLIENT,0.0012525001873513481
POS_SK_DPD_DEF_sum,0.0012450696317792501
PREV_DAYS_TERMINATION_max,0.0012392974083680994
POS_SK_DPD_sum,0.0012309167106936117
FLAG_DOCUMENT_16,0.001222912696090949
PREV_NAME_PORTFOLIO_POS_ratio,0.0011992806490663127
PREV_PRODUCT_COMBINATION_POS_household_without_interest_ratio,0.0011958520285672383
PREV_NAME_CONTRACT_TYPE_Consumer_loans_ratio,0.0011921894669170811
POS_SK_DPD_mean,0.0011685306000833486
BUREAU_AMT_CREDIT_SUM_OVERDUE_max,0.0011562198976944797
PREV_NAME_CLIENT_TYPE_Refreshed_ratio,0.0011450537530554206
PREV_NAME_SELLER_INDUSTRY_Consumer_electronics_ratio,0.0011342493036245215
PREV_CHANNEL_TYPE_Regional_Local_ratio,0.0011276099875144447
WEEKDAY_APPR_PROCESS_START_WEDNESDAY,0.0011076673145445223
WEEKDAY_APPR_PROCESS_START_SATURDAY,0.001090957925591234
PREV_NAME_CLIENT_TYPE_Repeater_ratio,0.0010406849383295053
NAME_HOUSING_TYPE_Rented_apartment,0.0010029961298236465
BASEMENTAREA_MEDI,0.0010018169446434427
PREV_NAME_YIELD_GROUP_XNA_ratio,0.000995439758637341
POS_NAME_CONTRACT_STATUS_Returned_to_the_store_ratio,0.0009869907315369056
LANDAREA_MODE,0.0009841941474023703
INSTALL_INSTALL_LATE_PAYMENT_FLAG_sum,0.000964313703463348
PREV_NAME_CONTRACT_TYPE_Revolving_loans_ratio,0.0009618860040543462
PREV_NAME_CASH_LOAN_PURPOSE_XNA_ratio,0.0009170797946645347
ORGANIZATION_TYPE_Medicine,0.0008935470234266406
PREV_NFLAG_INSURED_ON_APPROVAL_mean,0.0008832185960275047
PREV_PRODUCT_COMBINATION_POS_household_with_interest_ratio,0.000858751935114776
PREV_PRODUCT_COMBINATION_Cash_Street_middle_ratio,0.0008311140483743328
PREV_NAME_GOODS_CATEGORY_Audio_Video_ratio,0.0008250288064252794
PREV_PRODUCT_COMBINATION_Cash_Street_high_ratio,0.0008203592982085928
BASEMENTAREA_MODE,0.0008138169986364735
NAME_EDUCATION_TYPE_Other,0.0008013229148181134
PREV_NAME_PAYMENT_TYPE_Cash_through_the_bank_ratio,0.0007852260795329528
POS_NAME_CONTRACT_STATUS_Signed_ratio,0.0007696039373139963
PREV_NFLAG_INSURED_ON_APPROVAL_std,0.0007607603755919396
PREV_NAME_GOODS_CATEGORY_Consumer_Electronics_ratio,0.0007574584633728245
FLAG_DOCUMENT_11,0.0007490840415778266
PREV_NAME_TYPE_SUITE_Spouse_partner_ratio,0.000748939276141168
PREV_PRODUCT_COMBINATION_POS_mobile_without_interest_ratio,0.0007412240691459925
PREV_PRODUCT_COMBINATION_POS_mobile_with_interest_ratio,0.0007404824640216669
BUREAU_CREDIT_ACTIVE_Sold_ratio,0.0007137912031138278
BUREAU_CNT_CREDIT_PROLONG_std,0.0007073557369370286
PREV_CODE_REJECT_REASON_SCOFR_ratio,0.0006832635660005155
NAME_INCOME_TYPE_Pensioner,0.0006769250099197231
NAME_EDUCATION_TYPE_Lower_secondary,0.0006732301252542183
ELEVATORS_MEDI,0.0006693434976150032
POS_CNT_INSTALMENT_min,0.0006516668321999209
PREV_PRODUCT_COMBINATION_Card_X_Sell_ratio,0.0006485010663080301
NAME_FAMILY_STATUS_Single_not_married,0.000632758462587126
REG_CITY_NOT_WORK_CITY,0.0005900448252618613
PREV_AMT_GOODS_PRICE_sum,0.0005606206449486411
NAME_INCOME_TYPE_Commercial_associate,0.0005572940109215591
PREV_NAME_SELLER_INDUSTRY_Clothing_ratio,0.0005456664645613909
CNT_CHILDREN,0.0005393155014977145
INSTALL_NUM_INSTALMENT_VERSION_min,0.0005391844683709012
ELEVATORS_MODE,0.0005108920666723407
PREV_CODE_REJECT_REASON_LIMIT_ratio,0.0004780054558981872
AMT_REQ_CREDIT_BUREAU_DAY,0.00047291590573944137
BUREAU_AMT_CREDIT_MAX_OVERDUE_min,0.00047038743159406377
ENTRANCES_MODE,0.00047012015355928804
PREV_CNT_PAYMENT_min,0.00047003435165813494
OCCUPATION_TYPE_High_skill_tech_staff,0.00046717596433518116
POS_SK_DPD_max,0.00045761494749233043
PREV_PRODUCT_COMBINATION_Card_Street_ratio,0.0004397840307325258
BUREAU_CNT_CREDIT_PROLONG_max,0.00043593409437330053
NAME_HOUSING_TYPE_Other,0.00041918922469399327
PREV_NFLAG_LAST_APPL_IN_DAY_sum,0.0004130712110116888
PREV_NAME_GOODS_CATEGORY_Gardening_ratio,0.000402499544928133
PREV_NAME_PORTFOLIO_Cards_ratio,0.0003957336373368885
PREV_NAME_GOODS_CATEGORY_Medical_Supplies_ratio,0.000395360472788214
PREV_NAME_GOODS_CATEGORY_Construction_Materials_ratio,0.00039472128481910906
PREV_NAME_SELLER_INDUSTRY_Industry_ratio,0.0003776293605584655
HOUSETYPE_MODE_Unknown,0.0003746902003381492
POS_CNT_INSTALMENT_FUTURE_min,0.0003745256566561501
PREV_NFLAG_INSURED_ON_APPROVAL_sum,0.000365463110885044
PREV_APPLICATION_COUNT,0.00036039493534180595
FLAG_EMP_PHONE,0.00032486643285628054
PREV_NAME_CASH_LOAN_PURPOSE_Repairs_ratio,0.00031946141666899124
PREV_NAME_TYPE_SUITE_Children_ratio,0.0003049408640017106
BUREAU_AMT_CREDIT_SUM_OVERDUE_sum,0.0002927262156998284
BUREAU_AMT_CREDIT_SUM_OVERDUE_std,0.0002915183775446016
NAME_HOUSING_TYPE_House_apartment,0.0002880007251330587
PREV_NAME_SELLER_INDUSTRY_Auto_technology_ratio,0.0002833002299863043
LIVE_CITY_NOT_WORK_CITY,0.00027784583126359006
OCCUPATION_TYPE_Other,0.0002750098390108073
BUREAU_CREDIT_DAY_OVERDUE_mean,0.00026614326306796725
FLAG_OWN_REALTY_N,0.0002537420701670289
PREV_NAME_PAYMENT_TYPE_Non_cash_from_your_account_ratio,0.00023661336645852495
PREV_NAME_CASH_LOAN_PURPOSE_Urgent_needs_ratio,0.00023193814846629205
WALLSMATERIAL_MODE_Stone_brick,0.00021738554573312352
PREV_NAME_CONTRACT_STATUS_Unused_offer_ratio,0.00021476245641102848
NAME_FAMILY_STATUS_Widow,0.00021083572239583557
PREV_NAME_GOODS_CATEGORY_Medicine_ratio,0.00020732724671954626
BUREAU_CNT_CREDIT_PROLONG_mean,0.00020605976334770175
NAME_EDUCATION_TYPE_Incomplete_higher,0.0002041479774643565
PREV_NAME_TYPE_SUITE_Other_B_ratio,0.00019220331173659745
POS_SK_DPD_std,0.0001842493232678188
WEEKDAY_APPR_PROCESS_START_TUESDAY,0.00018408370806079094
PREV_CODE_REJECT_REASON_VERIF_ratio,0.0001747609728861893
WEEKDAY_APPR_PROCESS_START_THURSDAY,0.00016199077198216465
REG_REGION_NOT_WORK_REGION,0.00016148777990787874
PREV_NAME_GOODS_CATEGORY_Direct_Sales_ratio,0.00015962051920865263
PREV_NAME_CASH_LOAN_PURPOSE_Everyday_expenses_ratio,0.00015687713730038765
OCCUPATION_TYPE_Cooking_staff,0.00015238419847289698
EMERGENCYSTATE_MODE_No,0.00014182913311168612
WEEKDAY_APPR_PROCESS_START_FRIDAY,0.0001407550745141726
PREV_NAME_GOODS_CATEGORY_Jewelry_ratio,0.00013646855205217263
NAME_TYPE_SUITE_Unaccompanied,0.0001357843751822654
PREV_CODE_REJECT_REASON_XNA_ratio,0.00013486370683576737
NAME_TYPE_SUITE_Children,0.0001305739549298837
PREV_NAME_GOODS_CATEGORY_Auto_Accessories_ratio,0.00012772092343463735
NAME_HOUSING_TYPE_Municipal_apartment,0.00012508446264529617
BUREAU_CREDIT_TYPE_Another_type_of_loan_ratio,0.00012214703732074992
ORGANIZATION_TYPE_Business_Entity_Type_2,0.00011866098083891914
PREV_NAME_CASH_LOAN_PURPOSE_Other_ratio,0.0001166247895991621
REG_REGION_NOT_LIVE_REGION,9.839705976180436e-05
PREV_RATE_INTEREST_PRIVILEGED_sum,9.356840707871013e-05
PREV_CODE_REJECT_REASON_CLIENT_ratio,9.07157821371014e-05
PREV_NAME_GOODS_CATEGORY_Homewares_ratio,8.880578598813432e-05
APP_CHILDREN_TO_FAMILY_RATIO,8.864632979055658e-05
POS_SK_DPD_min,8.748625355946158e-05
PREV_NAME_CASH_LOAN_PURPOSE_Furniture_ratio,8.557257064844447e-05
PREV_NAME_TYPE_SUITE_Other_A_ratio,8.009933094760522e-05
BUREAU_CREDIT_CURRENCY_currency_3_ratio,7.986837686238716e-05
POS_NAME_CONTRACT_STATUS_Approved_ratio,7.655244471895113e-05
BUREAU_BUREAU_OVERDUE_TO_CREDIT_RATIO_sum,7.5152191316166e-05
AMT_REQ_CREDIT_BUREAU_WEEK,6.852919242794548e-05
PREV_NAME_CASH_LOAN_PURPOSE_Wedding_gift_holiday_ratio,6.41207114668627e-05
PREV_FLAG_LAST_APPL_PER_CONTRACT_N_ratio,6.208344123496592e-05
BUREAU_AMT_CREDIT_SUM_LIMIT_min,6.143743879624805e-05
BUREAU_CREDIT_DAY_OVERDUE_std,5.790813426216644e-05
PREV_NAME_GOODS_CATEGORY_Vehicles_ratio,5.612767808256739e-05
LIVE_REGION_NOT_WORK_REGION,5.588406823281901e-05
BUREAU_AMT_CREDIT_SUM_OVERDUE_mean,5.413507629054363e-05
PREV_PRODUCT_COMBINATION_POS_other_with_interest_ratio,5.406425687556855e-05
ORGANIZATION_TYPE_Transport_type_4,5.204935734069143e-05
PREV_CHANNEL_TYPE_Car_dealer_ratio,5.1859628091585394e-05
ORGANIZATION_TYPE_Business_Entity_Type_1,4.937987659813581e-05
BUREAU_CREDIT_DAY_OVERDUE_sum,4.847742574335488e-05
NAME_TYPE_SUITE_Family,4.8320090271831756e-05
PREV_NAME_GOODS_CATEGORY_Tourism_ratio,4.753339731182823e-05
HOUSETYPE_MODE_block_of_flats,4.72898447111807e-05
PREV_NFLAG_INSURED_ON_APPROVAL_max,4.59141943566753e-05
PREV_PRODUCT_COMBINATION_POS_others_without_interest_ratio,4.528123907325076e-05
NAME_FAMILY_STATUS_Civil_marriage,3.72059102457472e-05
FLAG_OWN_REALTY_Y,3.552451470680908e-05
WALLSMATERIAL_MODE_Block,3.2524249320924605e-05
PREV_NAME_CASH_LOAN_PURPOSE_Medicine_ratio,3.109601269191784e-05
BUREAU_CNT_CREDIT_PROLONG_min,2.919952808898751e-05
EMERGENCYSTATE_MODE_Unknown,2.8831728779779348e-05
NAME_FAMILY_STATUS_Separated,2.821365685796353e-05
PREV_NAME_CASH_LOAN_PURPOSE_XAP_ratio,2.4666889040288664e-05
WEEKDAY_APPR_PROCESS_START_SUNDAY,2.4233763756430817e-05
PREV_RATE_INTEREST_PRIMARY_sum,2.1415212889050742e-05
PREV_NAME_GOODS_CATEGORY_Other_ratio,1.844298658961037e-05
BUREAU_CREDIT_CURRENCY_currency_1_ratio,1.696641094795675e-05
BUREAU_CREDIT_DAY_OVERDUE_max,1.5937470835478058e-05
FLAG_DOCUMENT_5,1.4989569344057332e-05
OCCUPATION_TYPE_Medicine_staff,1.471136684935065e-05
PREV_NFLAG_LAST_APPL_IN_DAY_std,1.4332060498773452e-05
WALLSMATERIAL_MODE_Unknown,8.815368033258435e-06
ORGANIZATION_TYPE_Trade_type_7,8.004572337775477e-06
BUREAU_CREDIT_TYPE_Loan_for_working_capital_replenishment_ratio,0.0
BUREAU_CREDIT_TYPE_Real_estate_loan_ratio,0.0
BUREAU_BUREAU_OVERDUE_TO_CREDIT_RATIO_mean,0.0
BUREAU_CREDIT_TYPE_nan_ratio,0.0
BUREAU_BUREAU_OVERDUE_TO_CREDIT_RATIO_max,0.0
BUREAU_CREDIT_TYPE_Unknown_type_of_loan_ratio,0.0
OCCUPATION_TYPE_Security_staff,0.0
BUREAU_BUREAU_OVERDUE_TO_CREDIT_RATIO_min,0.0
BUREAU_BUREAU_OVERDUE_TO_CREDIT_RATIO_std,0.0
OCCUPATION_TYPE_Managers,0.0
BUREAU_CREDIT_ACTIVE_Bad_debt_ratio,0.0
BUREAU_CREDIT_ACTIVE_nan_ratio,0.0
BUREAU_CREDIT_CURRENCY_currency_2_ratio,0.0
NAME_FAMILY_STATUS_Other,0.0
BUREAU_CREDIT_CURRENCY_currency_4_ratio,0.0
OCCUPATION_TYPE_Cleaning_staff,0.0
BUREAU_CREDIT_CURRENCY_nan_ratio,0.0
BUREAU_CREDIT_TYPE_Mobile_operator_loan_ratio,0.0
BUREAU_AMT_CREDIT_SUM_OVERDUE_min,0.0
BUREAU_CREDIT_TYPE_Cash_loan_non_earmarked_ratio,0.0
BUREAU_CREDIT_TYPE_Interbank_credit_ratio,0.0
BUREAU_CREDIT_TYPE_Loan_for_business_development_ratio,0.0
BUREAU_CREDIT_TYPE_Loan_for_purchase_of_shares_margin_lending_ratio,0.0
BUREAU_CREDIT_TYPE_Loan_for_the_purchase_of_equipment_ratio,0.0
NAME_HOUSING_TYPE_With_parents,0.0
BUREAU_CREDIT_DAY_OVERDUE_min,0.0
BUREAU_CNT_CREDIT_PROLONG_sum,0.0
FLAG_DOCUMENT_7,0.0
EMERGENCYSTATE_MODE_Other,0.0
FLAG_MOBIL,0.0
WALLSMATERIAL_MODE_Wooden,0.0
FLAG_CONT_MOBILE,0.0
FLAG_EMAIL,0.0
WALLSMATERIAL_MODE_Other,0.0
FLAG_DOCUMENT_2,0.0
FLAG_DOCUMENT_4,0.0
HOUSETYPE_MODE_Other,0.0
ORGANIZATION_TYPE_XNA,0.0
FLAG_DOCUMENT_6,0.0
ORGANIZATION_TYPE_Trade_type_3,0.0
ORGANIZATION_TYPE_Security,0.0
PREV_NFLAG_LAST_APPL_IN_DAY_max,0.0
FLAG_DOCUMENT_9,0.0
FLAG_DOCUMENT_10,0.0
FLAG_DOCUMENT_12,0.0
FLAG_DOCUMENT_14,0.0
FLAG_DOCUMENT_15,0.0
ORGANIZATION_TYPE_Industry_type_3,0.0
FLAG_DOCUMENT_17,0.0
FLAG_DOCUMENT_19,0.0
FLAG_DOCUMENT_20,0.0
FLAG_DOCUMENT_21,0.0
AMT_REQ_CREDIT_BUREAU_HOUR,0.0
APP_EMPLOYED_ANOMALY,0.0
PREV_NFLAG_LAST_APPL_IN_DAY_mean,0.0
POS_NAME_CONTRACT_STATUS_nan_ratio,0.0
PREV_NFLAG_LAST_APPL_IN_DAY_min,0.0
POS_NAME_CONTRACT_STATUS_XNA_ratio,0.0
PREV_CODE_REJECT_REASON_SYSTEM_ratio,0.0
PREV_CODE_REJECT_REASON_nan_ratio,0.0
PREV_NAME_TYPE_SUITE_Group_of_people_ratio,0.0
PREV_NAME_CLIENT_TYPE_XNA_ratio,0.0
PREV_NAME_CLIENT_TYPE_nan_ratio,0.0
PREV_NAME_GOODS_CATEGORY_Additional_Service_ratio,0.0
PREV_NAME_GOODS_CATEGORY_Animals_ratio,0.0
PREV_NAME_GOODS_CATEGORY_Education_ratio,0.0
PREV_NAME_GOODS_CATEGORY_Fitness_ratio,0.0
PREV_NAME_GOODS_CATEGORY_House_Construction_ratio,0.0
PREV_NAME_GOODS_CATEGORY_Insurance_ratio,0.0
PREV_NAME_GOODS_CATEGORY_Office_Appliances_ratio,0.0
PREV_NAME_GOODS_CATEGORY_Weapon_ratio,0.0
PREV_NAME_GOODS_CATEGORY_nan_ratio,0.0
PREV_NAME_PORTFOLIO_Cars_ratio,0.0
PREV_NAME_PORTFOLIO_nan_ratio,0.0
PREV_NAME_PRODUCT_TYPE_nan_ratio,0.0
PREV_CHANNEL_TYPE_nan_ratio,0.0
PREV_NAME_SELLER_INDUSTRY_Jewelry_ratio,0.0
PREV_NAME_SELLER_INDUSTRY_MLM_partners_ratio,0.0
PREV_NAME_SELLER_INDUSTRY_Tourism_ratio,0.0
PREV_NAME_SELLER_INDUSTRY_nan_ratio,0.0
PREV_NAME_YIELD_GROUP_nan_ratio,0.0
PREV_PRODUCT_COMBINATION_nan_ratio,0.0
POS_SK_DPD_DEF_min,0.0
INSTALL_NUM_INSTALMENT_NUMBER_min,0.0
POS_NAME_CONTRACT_STATUS_Amortized_debt_ratio,0.0
POS_NAME_CONTRACT_STATUS_Canceled_ratio,0.0
POS_NAME_CONTRACT_STATUS_Demand_ratio,0.0
PREV_NAME_PAYMENT_TYPE_nan_ratio,0.0
PREV_NAME_PAYMENT_TYPE_Cashless_from_the_account_of_the_employer_ratio,0.0
PREV_NAME_CONTRACT_STATUS_nan_ratio,0.0
PREV_NAME_CASH_LOAN_PURPOSE_Buying_a_garage_ratio,0.0
PREV_DAYS_FIRST_DRAWING_max,0.0
NAME_INCOME_TYPE_Other,0.0
PREV_NFLAG_INSURED_ON_APPROVAL_min,0.0
PREV_NAME_CONTRACT_TYPE_XNA_ratio,0.0
NAME_TYPE_SUITE_Spouse_partner,0.0
NAME_TYPE_SUITE_Other,0.0
PREV_NAME_CONTRACT_TYPE_nan_ratio,0.0
PREV_WEEKDAY_APPR_PROCESS_START_nan_ratio,0.0
PREV_FLAG_LAST_APPL_PER_CONTRACT_Y_ratio,0.0
PREV_FLAG_LAST_APPL_PER_CONTRACT_nan_ratio,0.0
PREV_NAME_CASH_LOAN_PURPOSE_Building_a_house_or_an_annex_ratio,0.0
PREV_NAME_CASH_LOAN_PURPOSE_Business_development_ratio,0.0
CODE_GENDER_Other,0.0
PREV_NAME_CASH_LOAN_PURPOSE_Buying_a_holiday_home_land_ratio,0.0
PREV_NAME_CASH_LOAN_PURPOSE_nan_ratio,0.0
PREV_NAME_CASH_LOAN_PURPOSE_Buying_a_home_ratio,0.0
PREV_NAME_CASH_LOAN_PURPOSE_Buying_a_used_car_ratio,0.0
PREV_NAME_CASH_LOAN_PURPOSE_Car_repairs_ratio,0.0
PREV_NAME_CASH_LOAN_PURPOSE_Education_ratio,0.0
INSTALL_INSTALL_LATE_PAYMENT_FLAG_min,0.0
INSTALL_INSTALL_LATE_PAYMENT_FLAG_max,0.0
PREV_NAME_CASH_LOAN_PURPOSE_Gasification_water_supply_ratio,0.0
PREV_NAME_CASH_LOAN_PURPOSE_Hobby_ratio,0.0
PREV_NAME_CASH_LOAN_PURPOSE_Journey_ratio,0.0
PREV_NAME_CASH_LOAN_PURPOSE_Money_for_a_third_person_ratio,0.0
PREV_NAME_CASH_LOAN_PURPOSE_Payments_on_other_loans_ratio,0.0
PREV_NAME_CASH_LOAN_PURPOSE_Purchase_of_electronic_equipment_ratio,0.0
PREV_NAME_CASH_LOAN_PURPOSE_Refusal_to_name_the_goal_ratio,0.0
PREV_NAME_CASH_LOAN_PURPOSE_Buying_a_new_car_ratio,0.0
